název,adresa,web,mobil,e-mail
Vinařství Zlatý Hrozen,Mikulov,www.zlatyhrozen.cz,+420 721 123 456,info@zlatyhrozen.cz
Rodinné sklepy U Dubu,Velké Bílovice,www.sklepyudubu.cz,+420 602 987 654,recepce@sklepyudubu.cz
Vinařství Slunný Svah,Valtice,www.slunnysvah.cz,+420 777 111 222,vino@slunnysvah.cz
Krystalické Víno s.r.o.,Znojmo,www.krystalickevino.cz,+420 734 555 666,prodej@krystalickevino.cz
Vinařství Na Soutoku,Břeclav,www.nasoutoku.cz,+420 608 444 333,ahoj@nasoutoku.cz
Barrique Masters,Čejkovice,www.barriquemasters.cz,+420 725 000 111,export@barriquemasters.cz
Sklep u Staré Révy,Pavlov,www.stara-reva.cz,+420 603 222 888,pavel@stara-reva.cz
Vinařství Modrá Bobule,Mutěnice,www.modrabobule.cz,+420 775 999 000,objednavky@modrabobule.cz
Templářský Odkaz,Čejkovice,www.templarskyodkaz.cz,+420 604 121 212,sklep@templarskyodkaz.cz
Vinařství pod Pálavou,Klentnice,www.podpalavou.cz,+420 731 456 789,vinar@podpalavou.cz
BioVíno Horák,Bořetice,www.biovinohorak.cz,+420 722 333 444,horak@biovinohorak.cz
Víno Terroir Moravia,Mikulov,www.terroir-moravia.cz,+420 605 555 111,info@terroir-moravia.cz
Vinařství Jantarový Lok,Velké Pavlovice,www.jantarovylok.cz,+420 774 888 222,piti@jantarovylok.cz
Rodina Špačkova - vinaři,Sedlec,www.vinarstvispackovi.cz,+420 608 777 666,tomas@vinarstvispackovi.cz
Vinařství Granát,Hustopeče,www.vinarstvigranat.cz,+420 720 111 000,vino@vinarstvigranat.cz
Dunajovický Vánek,Dolní Dunajovice,www.dunajovickyvanek.cz,+420 739 444 555,info@dunajovickyvanek.cz
Vinařství Noční Sběr,Rakvice,www.nocnisber.cz,+420 601 222 333,degustace@nocnisber.cz
Sekt a Syn,Valtice,www.sektasyn.cz,+420 776 555 444,sekty@sektasyn.cz
Vinařství Na Pískách,Strážnice,www.napiskach.cz,+420 728 999 888,sklad@napiskach.cz
Zámecký doušek,Lednice,www.zameckydousek.cz,+420 607 111 222,spravce@zameckydousek.cz
Vinařství Perla Moravy,Šatov,www.perlamoravy.cz,+420 735 666 777,perla@perlamoravy.cz
Babiččino Vinařství,Kobylí,www.babiccinovino.cz,+420 602 444 555,babicka@babiccinovino.cz
Vinařství Pozdní Sběr,Popice,www.pozdnisber-vinarstvi.cz,+420 773 123 123,info@pozdnisber.cz
Dva Duby a Réva,Moravská Nová Ves,www.dvadubyareva.cz,+420 721 454 545,vino@dvadubyareva.cz
Vinařství Sv. Vavřince,Hodonín,www.vinarstvi-vavrinec.cz,+420 605 888 999,vavrinec@vinarstvi-vavrinec.cz
Moravský hrozen a.s.,Uherské Hradiště,www.moravskyhrozen.cz,+420 734 111 222,obchod@moravskyhrozen.cz
Vinařství U Kapličky II,Zaječí,www.kaplicka2.cz,+420 606 333 222,rezervace@kaplicka2.cz
Víno z Pískovců,Mikulov,www.vinozpiskovcu.cz,+420 725 777 888,piskovce@vinozpiskovcu.cz
Vinařství Ledové Květy,Valtice,www.ledovekvety.cz,+420 777 999 111,led@ledovekvety.cz
Vinařství Stará Cesta,Blatnice,www.staracesta.cz,+420 608 123 456,cesta@staracesta.cz
